"matrix2","leuven","human_triplet","human_pairwise_mds"
"1","leuven","1","0.979492876320499","0.914984303104835"
"2","human_triplet","0.9794928763205","1","0.846012427700431"
"3","human_pairwise_mds","0.914984303104836","0.846012427700431","1"
